file_name,Input Rows,avg_len_input,avg_len_output,Matched pairs,Total Patterns,Golden Coverage,Golden Best tran Coverage,Coverage,Best tran Coverage,Runtime,Effective Generalizations,Generalization Time,Row_Match_P,Row_Match_R,Row_Match_F1,all_generated_placeholder_comb,all_removed_placeholder_comb,all_remaining_placeholder_comb,init_remaining_placeholder_comb,splitted_remaining_placeholder_comb,placeholder_gen_time,extract_pat_time,duplicate_pat_remove_time,pat_applying_time,get_covering_set_time,Num placeholder comb,Num All Patterns,Num duplicate patterns removed,Num patterns to try,cnt_all_patterns_all_rows,cnt_patterns_successful,cnt_patterns_failed,cnt_patterns_hit_cache
date case 2,100,14.23,10.0,100,12,1.0,0.13,1.0,0.13,0.970343828201294,0,0.0,1.0,1.0,1.0,1244,0,1244,622,622,0.18558096885681152,0.07269501686096191,0.029855966567993164,0.6698577404022217,0.012354135513305664,622,18602,9912,8690,869000,18401,850599,807687
airports,199,8.542713567839195,3.0,199,147,1.0,0.035175879396984924,1.0,0.035175879396984924,31.30830216407776,0,0.0,1.0,1.0,1.0,1898,0,1898,949,949,0.3922460079193115,2.704136371612549,3.2935118675231934,23.20693302154541,1.711474895477295,949,1062583,938696,123887,24653513,133053,24520460,23458325
currency code,152,11.69078947368421,3.0,152,84,1.0,0.17105263157894737,1.0,0.17105263157894737,64.72894716262817,0,0.0,1.0,1.0,1.0,2266,0,2266,1133,1133,0.6419820785522461,6.3642168045043945,7.737185955047607,47.779585123062134,2.205977201461792,1133,2504761,2225980,278781,42374712,320445,42054267,39296648
