file_name,Input Rows,avg_len_input,avg_len_output,Matched pairs,Total Patterns,Golden Coverage,Golden Best tran Coverage,Coverage,Best tran Coverage,Runtime,Effective Generalizations,Generalization Time,Row_Match_P,Row_Match_R,Row_Match_F1,all_generated_placeholder_comb,all_removed_placeholder_comb,all_remaining_placeholder_comb,init_remaining_placeholder_comb,splitted_remaining_placeholder_comb,placeholder_gen_time,extract_pat_time,duplicate_pat_remove_time,pat_applying_time,get_covering_set_time,Num placeholder comb,Num All Patterns,Num duplicate patterns removed,Num patterns to try,cnt_all_patterns_all_rows,cnt_patterns_successful,cnt_patterns_failed,cnt_patterns_hit_cache
currency code,152,0,0,0,0,0.0,0.0,NA,0,6.031990051269531e-05,0,9.5367431640625e-07,0.0,0.0,0.0,0,0,0,0,0,1.0967254638671875e-05,5.245208740234375e-06,3.600120544433594e-05,5.9604644775390625e-06,2.1457672119140625e-06,0,0,0,0,0,0,0,0
airports,199,0,0,0,0,0.0,0.0,NA,0,5.2928924560546875e-05,0,0.0,0.0,0.0,0.0,0,0,0,0,0,7.867813110351562e-06,6.9141387939453125e-06,3.0994415283203125e-05,5.0067901611328125e-06,2.1457672119140625e-06,0,0,0,0,0,0,0,0
stock market,1364,17.99357601713062,4.2162740899357605,467,24,0.18475073313782991,0.12609970674486803,1.0,0.4582441113490364,4.64153790473938,0,9.5367431640625e-07,0.18722466960352424,0.062316715542521994,0.09350935093509351,2200,0,2200,1100,1100,0.4914119243621826,0.0660848617553711,0.027047157287597656,3.9289710521698,0.1280229091644287,781,21762,12273,9489,4431363,277078,4154285,3231016
date case 2,100,14.286423841059603,10.0,604,95,1.0,0.13,1.0,0.03145695364238411,72.4324049949646,0,9.5367431640625e-07,0.16556291390728478,1.0,0.2840909090909091,9048,0,9048,4524,4524,6.432148218154907,0.771216869354248,0.3896908760070801,63.71909809112549,1.120250940322876,3131,238187,132475,105712,63850048,179659,63670389,63035629
